,REF_AREA,REF_AREA_LABEL,INDICATOR,INDICATOR_LABEL,UNIT_MEASURE,UNIT_MEASURE_LABEL,COMP_BREAKDOWN_1,COMP_BREAKDOWN_1_LABEL,COMP_BREAKDOWN_2,COMP_BREAKDOWN_2_LABEL,COMP_BREAKDOWN_3,COMP_BREAKDOWN_3_LABEL
0,AFG,Afghanistan,WB_IDS_BN_CAB_XOKA_CD,Current account balance,USD,US dollars,WB_IDS_COUNTERPART_AREA_WLD,Counterpart Area: World,_Z,Not Applicable,_Z,Not Applicable
1,AGO,Angola,WB_IDS_BX_GRT_EXTA_CD_DT,"Grants, excluding technical cooperation",PT,Percentage,WB_IDS_COUNTERPART_AREA_IMF,Counterpart Area: International Monetary Fund,WB_IDS_CREDITOR_COV_PRV,Creditor Coverage: Private Creditors,WB_IDS_CONCESN_C,Concessional: Concessional
2,ALB,Albania,WB_IDS_BX_GRT_TECH_CD_DT,Technical cooperation grants,PT_DB_EXT,Percentage of external debt,WB_IDS_COUNTERPART_AREA_ADB,Counterpart Area: Asian Dev. Bank,WB_IDS_STOCK_TDS,Stock/Flow: Debt service payments,WB_IDS_MATURITY_LT,Maturity: Long-term
3,ARG,Argentina,WB_IDS_BX_KLT_DINV_CD_DT,"Foreign direct investment, net inflows in reporting economy (DRS)",PT_GNI,Percentage of GNI,WB_IDS_COUNTERPART_AREA_BGR,Counterpart Area: Bulgaria,WB_IDS_DEBTOR_COV_PRVG,Debtor Coverage: Private Guaranteed by Public Sector,WB_IDS_CREDITOR_COV_PRV,Creditor Coverage: Private Creditors
4,ARM,Armenia,WB_IDS_BX_KLT_DREM_CD_DT,Primary income on FDI,YR,Years,WB_IDS_COUNTERPART_AREA_FCW,Counterpart Area: Other Multiple Lenders,WB_IDS_DEBTOR_COV_PRV,Debtor Coverage: Private sector,WB_IDS_CONCESN_NC,Concessional: Nonconcessional
5,AZE,Azerbaijan,WB_IDS_BX_PEF_CD_DT,"Portfolio investment, equity (DRS)",M,Months,WB_IDS_COUNTERPART_AREA_GFR,"Counterpart Area: Germany, Fed. Rep. of",WB_IDS_CREDITOR_COV_MLT,Creditor Coverage: Multilateral Creditors,,
6,BDI,Burundi,WB_IDS_BX_TRF_PWKR_CD_DT,"Personal transfers and compensation of employees, received",COUNT,Count,WB_IDS_COUNTERPART_AREA_IDA,Counterpart Area: World Bank-IDA,,,,
7,BEN,Benin,WB_IDS_DT_AMT_DIMF,IMF repurchases,,,WB_IDS_COUNTERPART_AREA_IRQ,Counterpart Area: Iraq,,,,
8,BFA,Burkina Faso,WB_IDS_DT_AMT_DLTF,"Principal repayments on external debt, long-term + IMF",,,WB_IDS_COUNTERPART_AREA_ISDB,Counterpart Area: Islamic Dev. Bank,,,,
9,BGD,Bangladesh,WB_IDS_DT_AXA,Principal arrears creditors,,,WB_IDS_COUNTERPART_AREA_OPEC,Counterpart Area: OPEC Fund for International Dev.,,,,
10,BIH,Bosnia and Herzegovina,WB_IDS_DT_AXF_DPPG,Principal forgiven,,,WB_IDS_COUNTERPART_AREA_RUS,Counterpart Area: Russian Federation,,,,
11,BLR,Belarus,WB_IDS_DT_BLT,"Public and publicly guaranteed, bilateral",,,WB_IDS_COUNTERPART_AREA_SAU,Counterpart Area: Saudi Arabia,,,,
12,BLZ,Belize,WB_IDS_DT_BLT_GG,"General Government Debt, bilateral",,,WB_IDS_COUNTERPART_AREA_USA,Counterpart Area: United States,,,,
13,BOL,Bolivia,WB_IDS_DT_BLT_PS,"Public sector debt, bilateral",,,WB_IDS_COUNTERPART_AREA_HRV,Counterpart Area: Croatia,,,,
14,BRA,Brazil,WB_IDS_DT_CUR_EURO,"Currency composition of PPG debt, Euro (%)",,,WB_IDS_COUNTERPART_AREA_KWT,Counterpart Area: Kuwait,,,,
15,BTN,Bhutan,WB_IDS_DT_CUR_JYEN,"Currency composition of PPG debt, Japanese yen (%)",,,WB_IDS_COUNTERPART_AREA_CHN,Counterpart Area: China,,,,
16,BWA,Botswana,WB_IDS_DT_CUR_MULC,"Currency composition of PPG debt, Multiple currencies (%)",,,WB_IDS_COUNTERPART_AREA_DNK,Counterpart Area: Denmark,,,,
17,CAF,Central African Republic,WB_IDS_DT_CUR_OTHC,"Currency composition of PPG debt, all other currencies (%)",,,WB_IDS_COUNTERPART_AREA_IRN,"Counterpart Area: Iran, Islamic Republic Of",,,,
18,CHN,China,WB_IDS_DT_CUR_SDRW,"Currency composition of PPG debt, SDR (%)",,,WB_IDS_COUNTERPART_AREA_ITA,Counterpart Area: Italy,,,,
19,CIV,Cote d'Ivoire,WB_IDS_DT_CUR_SWFR,"Currency composition of PPG debt, Swiss franc (%)",,,WB_IDS_COUNTERPART_AREA_AAIB,Counterpart Area: Arab African International Bank,,,,
20,CMR,Cameroon,WB_IDS_DT_CUR_UKPS,"Currency composition of PPG debt, Pound sterling (%)",,,WB_IDS_COUNTERPART_AREA_ABW,Counterpart Area: Aruba,,,,
21,COD,"Congo, Dem. Rep.",WB_IDS_DT_CUR_USDL,"Currency composition of PPG debt, U.S. dollars (%)",,,WB_IDS_COUNTERPART_AREA_ADF,Counterpart Area: African Dev. Bank,,,,
22,COG,"Congo, Rep.",WB_IDS_DT_DFR_DPPG,Debt forgiveness or reduction,,,WB_IDS_COUNTERPART_AREA_AEB,Counterpart Area: African Export-Import Bank,,,,
23,COL,Colombia,WB_IDS_DT_DIS,Disbursements on external debt,,,WB_IDS_COUNTERPART_AREA_AFESD,Counterpart Area: Arab Fund for Economic & Social Development,,,,
24,COM,Comoros,WB_IDS_DT_DIS_DIMF,IMF purchases,,,WB_IDS_COUNTERPART_AREA_AFG,Counterpart Area: Afghanistan,,,,
25,CPV,Cabo Verde,WB_IDS_DT_DIS_DLTF,"Disbursements on external debt, long-term + IMF",,,WB_IDS_COUNTERPART_AREA_AFTAAC,Counterpart Area: Arab Fund for Tech. Assist. to African Countries,,,,
26,CRI,Costa Rica,WB_IDS_DT_DIS_IDAG,IDA grants,,,WB_IDS_COUNTERPART_AREA_AGO,Counterpart Area: Angola,,,,
27,DJI,Djibouti,WB_IDS_DT_DOD,External debt stocks,,,WB_IDS_COUNTERPART_AREA_AIA,Counterpart Area: Anguilla,,,,
28,DMA,Dominica,WB_IDS_DT_DOD_C,"External debt stocks, concessional",,,WB_IDS_COUNTERPART_AREA_AIB,Counterpart Area: Arab International Bank,,,,
29,DOM,Dominican Republic,WB_IDS_DT_DOD_DECT_CD_CG,Total change in external debt stocks,,,WB_IDS_COUNTERPART_AREA_AIIB,Counterpart Area: Asian Infrastructure Investment Bank,,,,
30,DZA,Algeria,WB_IDS_DT_DOD_DECT_PC,Total external debt per capita,,,WB_IDS_COUNTERPART_AREA_AL,Counterpart Area: Arab League,,,,
31,EAP,East Asia & Pacific (excluding high income),WB_IDS_DT_DOD_DIMF,Use of IMF credit,,,WB_IDS_COUNTERPART_AREA_ALB,Counterpart Area: Albania,,,,
32,ECA,Europe & Central Asia (excluding high income),WB_IDS_DT_DOD_DSDR,"Use of IMF credit, SDR allocations",,,WB_IDS_COUNTERPART_AREA_ALBA,Counterpart Area: Bolivarian Alliance for the Americas (ALBA),,,,
33,ECU,Ecuador,WB_IDS_DT_DOD_DSTC,Short-term debt,,,WB_IDS_COUNTERPART_AREA_AMF,Counterpart Area: Arab Monetary Fund,,,,
34,EGY,"Egypt, Arab Rep.",WB_IDS_DT_DOD_MDRI,Debt forgiveness grants,,,WB_IDS_COUNTERPART_AREA_AND,Counterpart Area: Andorra,,,,
35,ERI,Eritrea,WB_IDS_DT_DOD_MLAT,Multilateral debt,,,WB_IDS_COUNTERPART_AREA_ANT,Counterpart Area: Neth. Antilles,,,,
36,ETH,Ethiopia,WB_IDS_DT_DOD_PUBS,"External debt stocks, long-term public sector (DOD)",,,WB_IDS_COUNTERPART_AREA_ARE,Counterpart Area: United Arab Emirates,,,,
37,FJI,Fiji,WB_IDS_DT_DOD_PVLX,Present value of external debt,,,WB_IDS_COUNTERPART_AREA_ARG,Counterpart Area: Argentina,,,,
38,GAB,Gabon,WB_IDS_DT_DOD_RSDL,"Residual, debt stock-flow reconciliation",,,WB_IDS_COUNTERPART_AREA_ARM,Counterpart Area: Armenia,,,,
39,GEO,Georgia,WB_IDS_DT_DOD_VTOT,"External debt stocks, variable rate (DOD)",,,WB_IDS_COUNTERPART_AREA_ATG,Counterpart Area: Antigua,,,,
40,GHA,Ghana,WB_IDS_DT_DOD_ZS,Concessional debt,,,WB_IDS_COUNTERPART_AREA_ATO,Counterpart Area: Arab Towns Organization (ATO),,,,
41,GIN,Guinea,WB_IDS_DT_DSB_DPPG,Debt buyback,,,WB_IDS_COUNTERPART_AREA_AUS,Counterpart Area: Australia,,,,
42,GMB,"Gambia, The",WB_IDS_DT_DSF_DPPG,Debt stock reduction,,,WB_IDS_COUNTERPART_AREA_AUT,Counterpart Area: Austria,,,,
43,GNB,Guinea-Bissau,WB_IDS_DT_DXR_DPPG,Debt stock rescheduled,,,WB_IDS_COUNTERPART_AREA_AZE,Counterpart Area: Azerbaijan,,,,
44,GRD,Grenada,WB_IDS_DT_GPA,Average grace period on new external debt commitments,,,WB_IDS_COUNTERPART_AREA_BADEA,Counterpart Area: Arab Bank for Economic Dev. in Africa (BADEA),,,,
45,GTM,Guatemala,WB_IDS_DT_GRE,Average grant element on new external debt commitments,,,WB_IDS_COUNTERPART_AREA_BCEAO,Counterpart Area: Central Bank of West African States (BCEAO),,,,
46,GUY,Guyana,WB_IDS_DT_INR,Average interest on new external debt commitments,,,WB_IDS_COUNTERPART_AREA_BCIE,Counterpart Area: Central American Bank for Econ. Integration (BCIE),,,,
47,HND,Honduras,WB_IDS_DT_INT_DIMF,IMF charges,,,WB_IDS_COUNTERPART_AREA_BDEAC,Counterpart Area: Dev. Bank of the Central African States (BDEAC),,,,
48,HTI,Haiti,WB_IDS_DT_IXA,Interest arrears creditors,,,WB_IDS_COUNTERPART_AREA_BDI,Counterpart Area: Burundi,,,,
49,IDA,IDA total,WB_IDS_DT_IXA_DLXF,"Interest arrears, long-term DOD",,,WB_IDS_COUNTERPART_AREA_BEL,Counterpart Area: Belgium,,,,
50,IDN,Indonesia,WB_IDS_DT_IXA_DPPG_CD_CG,Net change in interest arrears,,,WB_IDS_COUNTERPART_AREA_BEN,Counterpart Area: Benin,,,,
51,IDX,IDA only,WB_IDS_DT_IXF_DPPG,Interest forgiven,,,WB_IDS_COUNTERPART_AREA_BFA,Counterpart Area: Burkina Faso,,,,
52,IND,India,WB_IDS_DT_IXR_DPPG,Interest rescheduled (capitalized),,,WB_IDS_COUNTERPART_AREA_BGD,Counterpart Area: Bangladesh,,,,
53,IRN,"Iran, Islamic Rep.",WB_IDS_DT_MAT,Average maturity on new external debt commitments,,,WB_IDS_COUNTERPART_AREA_BHR,Counterpart Area: Bahrain,,,,
54,IRQ,Iraq,WB_IDS_DT_MIDA,"Public and publicly guaranteed, IDA",,,WB_IDS_COUNTERPART_AREA_BHS,Counterpart Area: Bahamas,,,,
55,JAM,Jamaica,WB_IDS_DT_MLT,"Public and publicly guaranteed, multilateral",,,WB_IDS_COUNTERPART_AREA_BIH,Counterpart Area: Bosnia-Herzegovina,,,,
56,JOR,Jordan,WB_IDS_DT_MLT_GG,"General Government Debt, multilateral",,,WB_IDS_COUNTERPART_AREA_BIS,Counterpart Area: Bank for International Settlements (BIS),,,,
57,KAZ,Kazakhstan,WB_IDS_DT_MLT_PS,"Public sector debt, multilateral",,,WB_IDS_COUNTERPART_AREA_BLADEX,Counterpart Area: Foreign Trade Bank of Latin America (BLADEX),,,,
58,KEN,Kenya,WB_IDS_DT_NFL_NIFC,IFC nonguaranteed,,,WB_IDS_COUNTERPART_AREA_BLR,Counterpart Area: Belarus,,,,
59,KGZ,Kyrgyz Republic,WB_IDS_DT_PNGC,"Private non-guaranteed,commercial banks and other creditors",,,WB_IDS_COUNTERPART_AREA_BLZ,Counterpart Area: Belize,,,,
60,KHM,Cambodia,WB_IDS_DT_TDS_DECT_EX,Total debt service,,,WB_IDS_COUNTERPART_AREA_BMU,Counterpart Area: Bermuda,,,,
61,LAC,Latin America & Caribbean (excluding high income),WB_IDS_DT_TDS_DIMF,IMF repurchases and charges,,,WB_IDS_COUNTERPART_AREA_BND,Counterpart Area: Bondholders,,,,
62,LAO,Lao PDR,WB_IDS_DT_TDS_MLAT,Multilateral debt service,,,WB_IDS_COUNTERPART_AREA_BOAD,Counterpart Area: West African Development Bank - BOAD,,,,
63,LBN,Lebanon,WB_IDS_DT_TXR_DPPG,Total amount of debt rescheduled,,,WB_IDS_COUNTERPART_AREA_BOL,Counterpart Area: Bolivia,,,,
64,LBR,Liberia,WB_IDS_DT_UND,Undisbursed external debt creditors,,,WB_IDS_COUNTERPART_AREA_BRA,Counterpart Area: Brazil,,,,
65,LCA,St. Lucia,WB_IDS_FI_RES,Total reserves (includes gold),,,WB_IDS_COUNTERPART_AREA_BRB,Counterpart Area: Barbados,,,,
66,LDC,Least developed countries: UN classification,WB_IDS_FI_RES_DT,Total reserves,,,WB_IDS_COUNTERPART_AREA_BRN,Counterpart Area: Brunei,,,,
67,LIC,Low income,WB_IDS_FI_RES_MO,Total reserves in months of imports,,,WB_IDS_COUNTERPART_AREA_BTN,Counterpart Area: Bhutan,,,,
68,LKA,Sri Lanka,WB_IDS_NY_GNP_MKTP_CD,GNI,,,WB_IDS_COUNTERPART_AREA_BWA,Counterpart Area: Botswana,,,,
69,LMC,Lower middle income,WB_IDS_SP_POP_TOTL,"Population, total",,,WB_IDS_COUNTERPART_AREA_CAF,Counterpart Area: Central African Republic,,,,
70,LMY,Low & middle income,WB_IDS_DT_AMT,Principal repayments on external debt,,,WB_IDS_COUNTERPART_AREA_CAN,Counterpart Area: Canada,,,,
71,LSO,Lesotho,WB_IDS_DT_AXR,Principal rescheduled,,,WB_IDS_COUNTERPART_AREA_CARICOM,Counterpart Area: Caribbean Community (CARICOM),,,,
72,MAR,Morocco,WB_IDS_DT_BLT_OPS,"Other public sector debt, bilateral",,,WB_IDS_COUNTERPART_AREA_CCAF,Counterpart Area: Corporacion Andina de Fomento,,,,
73,MDA,Moldova,WB_IDS_DT_BLT_PRVG,"Private Guaranteed by Public Sector debt, bilateral",,,WB_IDS_COUNTERPART_AREA_CDB,Counterpart Area: Caribbean Dev. Bank,,,,
74,MDG,Madagascar,WB_IDS_DT_COM,Commitments creditors,,,WB_IDS_COUNTERPART_AREA_CEMLA,Counterpart Area: Center for Latin American Monetary Studies (CEMLA),,,,
75,MDV,Maldives,WB_IDS_DT_CUR_DMAK,"Currency composition of PPG debt, Deutsche mark (%)",,,WB_IDS_COUNTERPART_AREA_CHE,Counterpart Area: Switzerland,,,,
76,MEX,Mexico,WB_IDS_DT_CUR_FFRC,"Currency composition of PPG debt, French franc (%)",,,WB_IDS_COUNTERPART_AREA_CHL,Counterpart Area: Chile,,,,
77,MIC,Middle income,WB_IDS_DT_GG,General Government creditors,,,WB_IDS_COUNTERPART_AREA_CIV,"Counterpart Area: Cote D`Ivoire, Republic Of",,,,
78,MKD,North Macedonia,WB_IDS_DT_INT,Interest payments on external debt,,,WB_IDS_COUNTERPART_AREA_CMR,Counterpart Area: Cameroon,,,,
79,MLI,Mali,WB_IDS_DT_IXR,Interest rescheduled,,,WB_IDS_COUNTERPART_AREA_COD,"Counterpart Area: Congo, Dem. Rep.",,,,
80,MMR,Myanmar,WB_IDS_DT_MIBR,"Public and publicly guaranteed, IBRD",,,WB_IDS_COUNTERPART_AREA_COE,Counterpart Area: Council of Europe,,,,
81,MNA,Middle East & North Africa (excluding high income),WB_IDS_DT_NFFL,Net financial flows,,,WB_IDS_COUNTERPART_AREA_COG,"Counterpart Area: Congo, Rep.",,,,
82,MNE,Montenegro,WB_IDS_DT_NFL,Net flows on external debt,,,WB_IDS_COUNTERPART_AREA_COL,Counterpart Area: Colombia,,,,
83,MNG,Mongolia,WB_IDS_DT_NTR,Net transfers on external debt,,,WB_IDS_COUNTERPART_AREA_COLAC,Counterpart Area: Latin Amer. Conf. of Saving & Credit Coop. (COLAC),,,,
84,MOZ,Mozambique,WB_IDS_DT_OPS,Other public sector creditors,,,WB_IDS_COUNTERPART_AREA_COM,Counterpart Area: Comoros,,,,
85,MRT,Mauritania,WB_IDS_DT_PBND,"Public and publicly guaranteed, bonds",,,WB_IDS_COUNTERPART_AREA_CP,Counterpart Area: Colombo Plan,,,,
86,MUS,Mauritius,WB_IDS_DT_PBND_GG,"General Government Debt, bonds",,,WB_IDS_COUNTERPART_AREA_CPV,Counterpart Area: Cabo Verde,,,,
87,MWI,Malawi,WB_IDS_DT_PBND_PS,"Public sector debt, bonds",,,WB_IDS_COUNTERPART_AREA_CRI,Counterpart Area: Costa Rica,,,,
88,NER,Niger,WB_IDS_DT_PCBK,"Public and publicly guaranteed, commercial banks",,,WB_IDS_COUNTERPART_AREA_CUB,Counterpart Area: Cuba,,,,
89,NGA,Nigeria,WB_IDS_DT_PCBK_GG,"General Government Debt, commercial banks",,,WB_IDS_COUNTERPART_AREA_CYM,Counterpart Area: Cayman Islands,,,,
90,NIC,Nicaragua,WB_IDS_DT_PCBK_OPS,"Other public sector debt, commercial banks",,,WB_IDS_COUNTERPART_AREA_CYP,Counterpart Area: Cyprus,,,,
91,NPL,Nepal,WB_IDS_DT_PCBK_PRVG,"Private Guaranteed by Public Sector debt, commercial banks",,,WB_IDS_COUNTERPART_AREA_CZCH,Counterpart Area: Czechoslovakia,,,,
92,PAK,Pakistan,WB_IDS_DT_PCBK_PS,"Public sector debt, commercial banks",,,WB_IDS_COUNTERPART_AREA_CZE,Counterpart Area: Czechia,,,,
93,PER,Peru,WB_IDS_DT_PPG,Public and publicly guaranteed creditors,,,WB_IDS_COUNTERPART_AREA_DJI,Counterpart Area: Djibouti,,,,
94,PHL,Philippines,WB_IDS_DT_PRVG,Private Guaranteed by Public Sector creditors,,,WB_IDS_COUNTERPART_AREA_DMA,Counterpart Area: Dominica,,,,
95,PNG,Papua New Guinea,WB_IDS_DT_PS,Public sector creditors,,,WB_IDS_COUNTERPART_AREA_DOM,Counterpart Area: Dominican Republic,,,,
96,PRY,Paraguay,WB_IDS_DT_TDS,Debt service on external debt,,,WB_IDS_COUNTERPART_AREA_DZA,Counterpart Area: Algeria,,,,
97,RWA,Rwanda,WB_IDS_DT_PBND_OPS,"Other public sector debt, bonds",,,WB_IDS_COUNTERPART_AREA_EAC,Counterpart Area: East African Community,,,,
98,SAS,South Asia,WB_IDS_DT_PNGB,"Private non-guaranteed,bonds",,,WB_IDS_COUNTERPART_AREA_EBRD,Counterpart Area: European Bank for Reconstruction and Dev. (EBRD),,,,
99,SDN,Sudan,WB_IDS_DT_MLT_OPS,"Other public sector debt, multilateral",,,WB_IDS_COUNTERPART_AREA_EC,Counterpart Area: Entente Council,,,,
100,SEN,Senegal,WB_IDS_DT_PBND_PRVG,"Private Guaranteed by Public Sector debt, bonds",,,WB_IDS_COUNTERPART_AREA_ECGLC,Counterpart Area: Econ. Comm. of the Great Lakes Countries (ECGLC),,,,
101,SLB,Solomon Islands,WB_IDS_DT_MLT_PRVG,"Private Guaranteed by Public Sector debt, multilateral",,,WB_IDS_COUNTERPART_AREA_ECOWAS,Counterpart Area: Economic Community of West African States (ECOWAS),,,,
102,SLE,Sierra Leone,,,,,WB_IDS_COUNTERPART_AREA_ECSC,Counterpart Area: European Coal and Steel Community (ECSC),,,,
103,SLV,El Salvador,,,,,WB_IDS_COUNTERPART_AREA_ECU,Counterpart Area: Ecuador,,,,
104,SOM,Somalia,,,,,WB_IDS_COUNTERPART_AREA_EDB,Counterpart Area: Eurasian Development Bank,,,,
105,SRB,Serbia,,,,,WB_IDS_COUNTERPART_AREA_EDF,Counterpart Area: European Development Fund (EDF),,,,
106,SSA,Sub-Saharan Africa (excluding high income),,,,,WB_IDS_COUNTERPART_AREA_EEC,Counterpart Area: European Economic Community (EEC),,,,
107,STP,Sao Tome and Principe,,,,,WB_IDS_COUNTERPART_AREA_EFTA,Counterpart Area: European Free Trade Association (EFTA),,,,
108,SUR,Suriname,,,,,WB_IDS_COUNTERPART_AREA_EGY,Counterpart Area: Egypt,,,,
109,SWZ,Eswatini,,,,,WB_IDS_COUNTERPART_AREA_EIB,Counterpart Area: European Investment Bank,,,,
110,SYR,Syrian Arab Republic,,,,,WB_IDS_COUNTERPART_AREA_ERF,Counterpart Area: European Relief Fund,,,,
111,TCD,Chad,,,,,WB_IDS_COUNTERPART_AREA_ERI,Counterpart Area: Eritrea,,,,
112,TGO,Togo,,,,,WB_IDS_COUNTERPART_AREA_ESF,Counterpart Area: European Social Fund (ESF),,,,
113,THA,Thailand,,,,,WB_IDS_COUNTERPART_AREA_ESP,Counterpart Area: Spain,,,,
114,TJK,Tajikistan,,,,,WB_IDS_COUNTERPART_AREA_EST,Counterpart Area: Estonia,,,,
115,TKM,Turkmenistan,,,,,WB_IDS_COUNTERPART_AREA_ETADB,Counterpart Area: ECO Trade and Dev. Bank,,,,
116,TLS,Timor-Leste,,,,,WB_IDS_COUNTERPART_AREA_ETH,Counterpart Area: Ethiopia,,,,
117,TON,Tonga,,,,,WB_IDS_COUNTERPART_AREA_EURFM,Counterpart Area: EUROFIMA,,,,
118,TUN,Tunisia,,,,,WB_IDS_COUNTERPART_AREA_EUU,Counterpart Area: European Union,,,,
119,TUR,Turkiye,,,,,WB_IDS_COUNTERPART_AREA_FAO,Counterpart Area: Food and Agriculture Organization (FAO),,,,
120,TZA,Tanzania,,,,,WB_IDS_COUNTERPART_AREA_FHR,Counterpart Area: UN-Fund for Human Rights,,,,
121,UGA,Uganda,,,,,WB_IDS_COUNTERPART_AREA_FIN,Counterpart Area: Finland,,,,
122,UKR,Ukraine,,,,,WB_IDS_COUNTERPART_AREA_FJI,Counterpart Area: Fiji,,,,
123,UMC,Upper middle income,,,,,WB_IDS_COUNTERPART_AREA_FLAR,Counterpart Area: Fondo Latinoamericano de Reservas (FLAR),,,,
124,UZB,Uzbekistan,,,,,WB_IDS_COUNTERPART_AREA_FMS,Counterpart Area: Micronesia Fed Sts,,,,
125,VCT,St. Vincent and the Grenadines,,,,,WB_IDS_COUNTERPART_AREA_FONP,Counterpart Area: Plata Basin Financial Dev. Fund,,,,
126,VNM,Viet Nam,,,,,WB_IDS_COUNTERPART_AREA_FRA,Counterpart Area: France,,,,
127,VUT,Vanuatu,,,,,WB_IDS_COUNTERPART_AREA_GAB,Counterpart Area: Gabon,,,,
128,WSM,Samoa,,,,,WB_IDS_COUNTERPART_AREA_GBR,Counterpart Area: United Kingdom,,,,
129,XKX,Kosovo,,,,,WB_IDS_COUNTERPART_AREA_GDR,Counterpart Area: German Dem. Rep.,,,,
130,YEM,"Yemen, Rep.",,,,,WB_IDS_COUNTERPART_AREA_GEF,Counterpart Area: Global Environment Facility,,,,
131,ZAF,South Africa,,,,,WB_IDS_COUNTERPART_AREA_GEO,Counterpart Area: Georgia,,,,
132,ZMB,Zambia,,,,,WB_IDS_COUNTERPART_AREA_GHA,Counterpart Area: Ghana,,,,
133,ZWE,Zimbabwe,,,,,WB_IDS_COUNTERPART_AREA_GIB,Counterpart Area: Gibraltar,,,,
134,,,,,,,WB_IDS_COUNTERPART_AREA_GIN,Counterpart Area: Guinea,,,,
135,,,,,,,WB_IDS_COUNTERPART_AREA_GLP,Counterpart Area: Guadeloupe,,,,
136,,,,,,,WB_IDS_COUNTERPART_AREA_GMB,"Counterpart Area: Gambia, The",,,,
137,,,,,,,WB_IDS_COUNTERPART_AREA_GNB,Counterpart Area: Guinea-Bissau,,,,
138,,,,,,,WB_IDS_COUNTERPART_AREA_GNQ,Counterpart Area: Equatorial Guinea,,,,
139,,,,,,,WB_IDS_COUNTERPART_AREA_GRC,Counterpart Area: Greece,,,,
140,,,,,,,WB_IDS_COUNTERPART_AREA_GRD,Counterpart Area: Grenada,,,,
141,,,,,,,WB_IDS_COUNTERPART_AREA_GTM,Counterpart Area: Guatemala,,,,
142,,,,,,,WB_IDS_COUNTERPART_AREA_GUM,Counterpart Area: Guam,,,,
143,,,,,,,WB_IDS_COUNTERPART_AREA_GUY,Counterpart Area: Guyana,,,,
144,,,,,,,WB_IDS_COUNTERPART_AREA_HKG,Counterpart Area: Hong Kong,,,,
145,,,,,,,WB_IDS_COUNTERPART_AREA_HND,Counterpart Area: Honduras,,,,
146,,,,,,,WB_IDS_COUNTERPART_AREA_HTI,Counterpart Area: Haiti,,,,
147,,,,,,,WB_IDS_COUNTERPART_AREA_HUN,Counterpart Area: Hungary,,,,
148,,,,,,,WB_IDS_COUNTERPART_AREA_IBFEC,Counterpart Area: International Bank for Economic Cooperation (IBEC),,,,
149,,,,,,,WB_IDS_COUNTERPART_AREA_IBRD,Counterpart Area: World Bank-IBRD,,,,
150,,,,,,,WB_IDS_COUNTERPART_AREA_ICO,Counterpart Area: International Coffee Organization (ICO),,,,
151,,,,,,,WB_IDS_COUNTERPART_AREA_IDB,Counterpart Area: Inter-American Dev. Bank,,,,
152,,,,,,,WB_IDS_COUNTERPART_AREA_IDN,Counterpart Area: Indonesia,,,,
153,,,,,,,WB_IDS_COUNTERPART_AREA_IFC,Counterpart Area: International Finance Corporation,,,,
154,,,,,,,WB_IDS_COUNTERPART_AREA_IFFAD,Counterpart Area: International Fund for Agricultural Dev.,,,,
155,,,,,,,WB_IDS_COUNTERPART_AREA_IIB,Counterpart Area: International Investment Bank (IIB),,,,
156,,,,,,,WB_IDS_COUNTERPART_AREA_ILO,Counterpart Area: International Labour Organization (ILO),,,,
157,,,,,,,WB_IDS_COUNTERPART_AREA_IND,Counterpart Area: India,,,,
158,,,,,,,WB_IDS_COUNTERPART_AREA_INSTRAW,Counterpart Area: UN-INSTRAW,,,,
159,,,,,,,WB_IDS_COUNTERPART_AREA_IRL,Counterpart Area: Ireland,,,,
160,,,,,,,WB_IDS_COUNTERPART_AREA_ISFD,Counterpart Area: Islamic Solidarity Fund for Dev. (ISFD),,,,
161,,,,,,,WB_IDS_COUNTERPART_AREA_ISL,Counterpart Area: Iceland,,,,
162,,,,,,,WB_IDS_COUNTERPART_AREA_ISR,Counterpart Area: Israel,,,,
163,,,,,,,WB_IDS_COUNTERPART_AREA_JAM,Counterpart Area: Jamaica,,,,
164,,,,,,,WB_IDS_COUNTERPART_AREA_JOR,Counterpart Area: Jordan,,,,
165,,,,,,,WB_IDS_COUNTERPART_AREA_JPN,Counterpart Area: Japan,,,,
166,,,,,,,WB_IDS_COUNTERPART_AREA_KAZ,Counterpart Area: Kazakhstan,,,,
167,,,,,,,WB_IDS_COUNTERPART_AREA_KEN,Counterpart Area: Kenya,,,,
168,,,,,,,WB_IDS_COUNTERPART_AREA_KGZ,Counterpart Area: Kyrgyz Republic,,,,
169,,,,,,,WB_IDS_COUNTERPART_AREA_KHM,Counterpart Area: Cambodia,,,,
170,,,,,,,WB_IDS_COUNTERPART_AREA_KIR,Counterpart Area: Kiribati,,,,
171,,,,,,,WB_IDS_COUNTERPART_AREA_KNA,Counterpart Area: St. Kitts And Nevis,,,,
172,,,,,,,WB_IDS_COUNTERPART_AREA_KOR,"Counterpart Area: Korea, Republic of",,,,
173,,,,,,,WB_IDS_COUNTERPART_AREA_LAAD,Counterpart Area: Latin American Agribusiness Dev. Corp. (LAAD),,,,
174,,,,,,,WB_IDS_COUNTERPART_AREA_LAO,Counterpart Area: Lao People's Democratic Rep.,,,,
175,,,,,,,WB_IDS_COUNTERPART_AREA_LBN,Counterpart Area: Lebanon,,,,
176,,,,,,,WB_IDS_COUNTERPART_AREA_LBR,Counterpart Area: Liberia,,,,
177,,,,,,,WB_IDS_COUNTERPART_AREA_LBY,Counterpart Area: Libya,,,,
178,,,,,,,WB_IDS_COUNTERPART_AREA_LCA,Counterpart Area: St. Lucia,,,,
179,,,,,,,WB_IDS_COUNTERPART_AREA_LKA,Counterpart Area: Sri Lanka,,,,
180,,,,,,,WB_IDS_COUNTERPART_AREA_LSO,Counterpart Area: Lesotho,,,,
181,,,,,,,WB_IDS_COUNTERPART_AREA_LTU,Counterpart Area: Lithuania,,,,
182,,,,,,,WB_IDS_COUNTERPART_AREA_LUX,Counterpart Area: Luxembourg,,,,
183,,,,,,,WB_IDS_COUNTERPART_AREA_LVA,Counterpart Area: Latvia,,,,
184,,,,,,,WB_IDS_COUNTERPART_AREA_MAC,Counterpart Area: Macao,,,,
185,,,,,,,WB_IDS_COUNTERPART_AREA_MAR,Counterpart Area: Morocco,,,,
186,,,,,,,WB_IDS_COUNTERPART_AREA_MCO,Counterpart Area: Monaco,,,,
187,,,,,,,WB_IDS_COUNTERPART_AREA_MDA,Counterpart Area: Moldova,,,,
188,,,,,,,WB_IDS_COUNTERPART_AREA_MDG,Counterpart Area: Madagascar,,,,
189,,,,,,,WB_IDS_COUNTERPART_AREA_MDV,Counterpart Area: Maldives,,,,
190,,,,,,,WB_IDS_COUNTERPART_AREA_MEX,Counterpart Area: Mexico,,,,
191,,,,,,,WB_IDS_COUNTERPART_AREA_MIGA,Counterpart Area: World Bank-MIGA,,,,
192,,,,,,,WB_IDS_COUNTERPART_AREA_MKD,Counterpart Area: North Macedonia,,,,
193,,,,,,,WB_IDS_COUNTERPART_AREA_ML,Counterpart Area: Multiple Lenders,,,,
194,,,,,,,WB_IDS_COUNTERPART_AREA_MLI,Counterpart Area: Mali,,,,
195,,,,,,,WB_IDS_COUNTERPART_AREA_MLT,Counterpart Area: Malta,,,,
196,,,,,,,WB_IDS_COUNTERPART_AREA_MMR,Counterpart Area: Myanmar,,,,
197,,,,,,,WB_IDS_COUNTERPART_AREA_MNE,Counterpart Area: Montenegro,,,,
198,,,,,,,WB_IDS_COUNTERPART_AREA_MNG,Counterpart Area: Mongolia,,,,
199,,,,,,,WB_IDS_COUNTERPART_AREA_MOZ,Counterpart Area: Mozambique,,,,
200,,,,,,,WB_IDS_COUNTERPART_AREA_MPF,Counterpart Area: Montreal Protocol Fund,,,,
201,,,,,,,WB_IDS_COUNTERPART_AREA_MRT,Counterpart Area: Mauritania,,,,
202,,,,,,,WB_IDS_COUNTERPART_AREA_MUS,Counterpart Area: Mauritius,,,,
203,,,,,,,WB_IDS_COUNTERPART_AREA_MWI,Counterpart Area: Malawi,,,,
204,,,,,,,WB_IDS_COUNTERPART_AREA_MYS,Counterpart Area: Malaysia,,,,
205,,,,,,,WB_IDS_COUNTERPART_AREA_NAM,Counterpart Area: Namibia,,,,
206,,,,,,,WB_IDS_COUNTERPART_AREA_NCL,Counterpart Area: New Caledonia (Fr.),,,,
207,,,,,,,WB_IDS_COUNTERPART_AREA_NDB,Counterpart Area: New Development Bank (NDB),,,,
208,,,,,,,WB_IDS_COUNTERPART_AREA_NDF,Counterpart Area: Nordic Development Fund,,,,
209,,,,,,,WB_IDS_COUNTERPART_AREA_NEFCO,Counterpart Area: Nordic Environment Finance Corporation (NEFCO),,,,
210,,,,,,,WB_IDS_COUNTERPART_AREA_NER,Counterpart Area: Niger,,,,
211,,,,,,,WB_IDS_COUNTERPART_AREA_NGA,Counterpart Area: Nigeria,,,,
212,,,,,,,WB_IDS_COUNTERPART_AREA_NIB,Counterpart Area: Nordic Investment Bank,,,,
213,,,,,,,WB_IDS_COUNTERPART_AREA_NIC,Counterpart Area: Nicaragua,,,,
214,,,,,,,WB_IDS_COUNTERPART_AREA_NLD,Counterpart Area: Netherlands,,,,
215,,,,,,,WB_IDS_COUNTERPART_AREA_NOR,Counterpart Area: Norway,,,,
216,,,,,,,WB_IDS_COUNTERPART_AREA_NPL,Counterpart Area: Nepal,,,,
217,,,,,,,WB_IDS_COUNTERPART_AREA_NZL,Counterpart Area: New Zealand,,,,
218,,,,,,,WB_IDS_COUNTERPART_AREA_OAPEC,Counterpart Area: Org. of Arab Petroleum Exporting Countries (OAPEC),,,,
219,,,,,,,WB_IDS_COUNTERPART_AREA_OMN,Counterpart Area: Oman,,,,
220,,,,,,,WB_IDS_COUNTERPART_AREA_PAK,Counterpart Area: Pakistan,,,,
221,,,,,,,WB_IDS_COUNTERPART_AREA_PAN,Counterpart Area: Panama,,,,
222,,,,,,,WB_IDS_COUNTERPART_AREA_PER,Counterpart Area: Peru,,,,
223,,,,,,,WB_IDS_COUNTERPART_AREA_PHL,Counterpart Area: Philippines,,,,
224,,,,,,,WB_IDS_COUNTERPART_AREA_PNG,Counterpart Area: Papua New Guinea,,,,
225,,,,,,,WB_IDS_COUNTERPART_AREA_POL,Counterpart Area: Poland,,,,
226,,,,,,,WB_IDS_COUNTERPART_AREA_PRI,Counterpart Area: Puerto Rico,,,,
227,,,,,,,WB_IDS_COUNTERPART_AREA_PRK,"Counterpart Area: Korea, D.P.R. of",,,,
228,,,,,,,WB_IDS_COUNTERPART_AREA_PRT,Counterpart Area: Portugal,,,,
229,,,,,,,WB_IDS_COUNTERPART_AREA_PRY,Counterpart Area: Paraguay,,,,
230,,,,,,,WB_IDS_COUNTERPART_AREA_PSS,Counterpart Area: Pacific Is. (Us),,,,
231,,,,,,,WB_IDS_COUNTERPART_AREA_PYF,Counterpart Area: French Polynesia,,,,
232,,,,,,,WB_IDS_COUNTERPART_AREA_QAT,Counterpart Area: Qatar,,,,
233,,,,,,,WB_IDS_COUNTERPART_AREA_REU,Counterpart Area: Reunion,,,,
234,,,,,,,WB_IDS_COUNTERPART_AREA_ROU,Counterpart Area: Romania,,,,
235,,,,,,,WB_IDS_COUNTERPART_AREA_RPTA,Counterpart Area: UN-Regular Programme of Technical Assistance,,,,
236,,,,,,,WB_IDS_COUNTERPART_AREA_RPTC,Counterpart Area: UN-Regular Programme of Technical Coop. (RPTC),,,,
237,,,,,,,WB_IDS_COUNTERPART_AREA_RWA,Counterpart Area: Rwanda,,,,
238,,,,,,,WB_IDS_COUNTERPART_AREA_SADF,Counterpart Area: South Asian Development Fund (SADF),,,,
239,,,,,,,WB_IDS_COUNTERPART_AREA_SDN,Counterpart Area: Sudan,,,,
240,,,,,,,WB_IDS_COUNTERPART_AREA_SEN,Counterpart Area: Senegal,,,,
241,,,,,,,WB_IDS_COUNTERPART_AREA_SGP,Counterpart Area: Singapore,,,,
242,,,,,,,WB_IDS_COUNTERPART_AREA_SLB,Counterpart Area: Solomon Islands,,,,
243,,,,,,,WB_IDS_COUNTERPART_AREA_SLE,Counterpart Area: Sierra Leone,,,,
244,,,,,,,WB_IDS_COUNTERPART_AREA_SLV,Counterpart Area: El Salvador,,,,
245,,,,,,,WB_IDS_COUNTERPART_AREA_SOM,Counterpart Area: Somalia,,,,
246,,,,,,,WB_IDS_COUNTERPART_AREA_SRB,Counterpart Area: Serbia,,,,
247,,,,,,,WB_IDS_COUNTERPART_AREA_SSR,Counterpart Area: USSR,,,,
248,,,,,,,WB_IDS_COUNTERPART_AREA_STP,Counterpart Area: Sao Tome & Principe,,,,
249,,,,,,,WB_IDS_COUNTERPART_AREA_SUR,Counterpart Area: Suriname,,,,
250,,,,,,,WB_IDS_COUNTERPART_AREA_SVK,Counterpart Area: Slovak Republic,,,,
251,,,,,,,WB_IDS_COUNTERPART_AREA_SVN,Counterpart Area: Slovenia,,,,
252,,,,,,,WB_IDS_COUNTERPART_AREA_SWE,Counterpart Area: Sweden,,,,
253,,,,,,,WB_IDS_COUNTERPART_AREA_SWZ,Counterpart Area: Eswatini,,,,
254,,,,,,,WB_IDS_COUNTERPART_AREA_SYC,Counterpart Area: Seychelles,,,,
255,,,,,,,WB_IDS_COUNTERPART_AREA_SYR,Counterpart Area: Syrian Arab Republic,,,,
256,,,,,,,WB_IDS_COUNTERPART_AREA_TCD,Counterpart Area: Chad,,,,
257,,,,,,,WB_IDS_COUNTERPART_AREA_TDB,Counterpart Area: Eastern & Southern African Trade & Dev. Bank (TDB),,,,
258,,,,,,,WB_IDS_COUNTERPART_AREA_TGO,Counterpart Area: Togo,,,,
259,,,,,,,WB_IDS_COUNTERPART_AREA_THA,Counterpart Area: Thailand,,,,
260,,,,,,,WB_IDS_COUNTERPART_AREA_TJK,Counterpart Area: Tajikistan,,,,
261,,,,,,,WB_IDS_COUNTERPART_AREA_TKM,Counterpart Area: Turkmenistan,,,,
262,,,,,,,WB_IDS_COUNTERPART_AREA_TLS,Counterpart Area: Timor-Leste,,,,
263,,,,,,,WB_IDS_COUNTERPART_AREA_TON,Counterpart Area: Tonga,,,,
264,,,,,,,WB_IDS_COUNTERPART_AREA_TTO,Counterpart Area: Trinidad & Tobago,,,,
265,,,,,,,WB_IDS_COUNTERPART_AREA_TUN,Counterpart Area: Tunisia,,,,
266,,,,,,,WB_IDS_COUNTERPART_AREA_TUR,Counterpart Area: Turkiye,,,,
267,,,,,,,WB_IDS_COUNTERPART_AREA_TZA,Counterpart Area: Tanzania,,,,
268,,,,,,,WB_IDS_COUNTERPART_AREA_UGA,Counterpart Area: Uganda,,,,
269,,,,,,,WB_IDS_COUNTERPART_AREA_UKR,Counterpart Area: Ukraine,,,,
270,,,,,,,WB_IDS_COUNTERPART_AREA_UNDCP,Counterpart Area: UN-Office on Drugs and Crime (UNDCP),,,,
271,,,,,,,WB_IDS_COUNTERPART_AREA_UNDP,Counterpart Area: UN-Development Programme (UNDP),,,,
272,,,,,,,WB_IDS_COUNTERPART_AREA_UNEP,Counterpart Area: UN-Environment Programme (UNEP),,,,
273,,,,,,,WB_IDS_COUNTERPART_AREA_UNESCO,"Counterpart Area: UN-Educ., Scientific and Cultural Org. (UNESCO)",,,,
274,,,,,,,WB_IDS_COUNTERPART_AREA_UNETPSA,Counterpart Area: UN-UNETPSA,,,,
275,,,,,,,WB_IDS_COUNTERPART_AREA_UNFDAC,Counterpart Area: UN-Fund for Drug Abuse Control (UNFDAC),,,,
276,,,,,,,WB_IDS_COUNTERPART_AREA_UNFPA,Counterpart Area: UN-Population Fund (UNFPA),,,,
277,,,,,,,WB_IDS_COUNTERPART_AREA_UNGA,Counterpart Area: UN-General Assembly (UNGA),,,,
278,,,,,,,WB_IDS_COUNTERPART_AREA_UNHCR,Counterpart Area: UN-High Commissioner for Refugees (UNHCR),,,,
279,,,,,,,WB_IDS_COUNTERPART_AREA_UNICEF,Counterpart Area: UN-Children's Fund (UNICEF),,,,
280,,,,,,,WB_IDS_COUNTERPART_AREA_UNIDO,Counterpart Area: UN-Industrial Development Organization (UNIDO),,,,
281,,,,,,,WB_IDS_COUNTERPART_AREA_UNIFEM,Counterpart Area: UN-Development Fund for Women (UNIFEM),,,,
282,,,,,,,WB_IDS_COUNTERPART_AREA_UNRWA,Counterpart Area: UN-Relief and Works Agency (UNRWA),,,,
283,,,,,,,WB_IDS_COUNTERPART_AREA_URY,Counterpart Area: Uruguay,,,,
284,,,,,,,WB_IDS_COUNTERPART_AREA_UZB,Counterpart Area: Uzbekistan,,,,
285,,,,,,,WB_IDS_COUNTERPART_AREA_VCT,Counterpart Area: St. Vincent & The Grenadines,,,,
286,,,,,,,WB_IDS_COUNTERPART_AREA_VEN,"Counterpart Area: Venezuela, Republic Bolivarian",,,,
287,,,,,,,WB_IDS_COUNTERPART_AREA_VIR,Counterpart Area: Virgin Is.(US),,,,
288,,,,,,,WB_IDS_COUNTERPART_AREA_VNM,Counterpart Area: Viet Nam,,,,
289,,,,,,,WB_IDS_COUNTERPART_AREA_VUT,Counterpart Area: Vanuatu,,,,
290,,,,,,,WB_IDS_COUNTERPART_AREA_WAEMU,Counterpart Area: West African Monetary Union (UMOA),,,,
291,,,,,,,WB_IDS_COUNTERPART_AREA_WFP,Counterpart Area: UN-World Food Programme (WFP),,,,
292,,,,,,,WB_IDS_COUNTERPART_AREA_WHO,Counterpart Area: World Health Organization,,,,
293,,,,,,,WB_IDS_COUNTERPART_AREA_WIPO,Counterpart Area: UN-World Intellectual Property Organization,,,,
294,,,,,,,WB_IDS_COUNTERPART_AREA_WMO,Counterpart Area: UN-World Meteorological Organization,,,,
295,,,,,,,WB_IDS_COUNTERPART_AREA_WSM,Counterpart Area: Samoa,,,,
296,,,,,,,WB_IDS_COUNTERPART_AREA_WTO,Counterpart Area: World Trade Organization,,,,
297,,,,,,,WB_IDS_COUNTERPART_AREA_XKX,Counterpart Area: Kosovo,,,,
298,,,,,,,WB_IDS_COUNTERPART_AREA_YEM,"Counterpart Area: Yemen, Republic Of",,,,
299,,,,,,,WB_IDS_COUNTERPART_AREA_YUG,Counterpart Area: Yugoslavia,,,,
300,,,,,,,WB_IDS_COUNTERPART_AREA_ZAF,Counterpart Area: South Africa,,,,
301,,,,,,,WB_IDS_COUNTERPART_AREA_ZMB,Counterpart Area: Zambia,,,,
302,,,,,,,WB_IDS_COUNTERPART_AREA_ZWE,Counterpart Area: Zimbabwe,,,,
